"ApiPath","Size","MTime"
"app\api\billing\[id]\route.ts","1987","2025-09-19 오후 12:22:49"
"app\api\billing\route.ts","1439","2025-09-19 오후 1:27:39"
"app\api\clients\route.ts","1748","2025-09-26 오후 3:38:11"
"app\api\clients-sync\route.ts","1893","2025-09-26 오후 3:37:45"
"app\api\customers\route.ts","577","2025-09-26 오전 10:23:01"
"app\api\find-id\route.js","642","2025-08-30 오후 12:11:36"
"app\api\find-password\route.js","767","2025-08-30 오후 12:11:36"
"app\api\health\route.ts","287","2025-09-24 오후 7:25:59"
"app\api\inquiries\route.ts","512","2025-09-26 오후 2:58:30"
"app\api\listings\[id]\route.ts","4269","2025-09-25 오후 3:32:51"
"app\api\listings\route.ts","3698","2025-09-25 오후 3:32:05"
"app\api\login\route.js","1162","2025-08-30 오후 12:11:36"
"app\api\notices\route.ts","2965","2025-09-24 오후 4:47:29"
"app\api\register\route.js","971","2025-08-30 오후 12:11:36"
"app\api\users\approve\route.ts","503","2025-09-19 오후 6:58:24"
"app\api\users\approved\route.ts","208","2025-09-19 오후 6:58:12"
"app\api\users\pending\route.ts","247","2025-09-19 오후 6:58:00"
