"Route","File","Size","MTime"
"/","C:\Users\대수\Downloads\daesu-clean\app\page.js","166","2025-09-22 오전 10:45:36"
"/auth/forgot-id","C:\Users\대수\Downloads\daesu-clean\app\(auth)\forgot-id\page.js","2969","2025-08-30 오후 2:02:54"
"/auth/forgot-password","C:\Users\대수\Downloads\daesu-clean\app\(auth)\forgot-password\page.js","3174","2025-08-30 오후 2:02:54"
"/auth/sign-in","C:\Users\대수\Downloads\daesu-clean\app\(auth)\sign-in\page.js","6295","2025-09-24 오후 5:41:42"
"/auth/sign-up","C:\Users\대수\Downloads\daesu-clean\app\(auth)\sign-up\page.js","4527","2025-08-30 오후 2:02:54"
"/billing","C:\Users\대수\Downloads\daesu-clean\app\billing\page.tsx","51011","2025-09-23 오후 5:13:05"
"/clients","C:\Users\대수\Downloads\daesu-clean\app\clients\page.js","23372","2025-09-26 오후 5:17:43"
"/contracts","C:\Users\대수\Downloads\daesu-clean\app\contracts\page.js","17684","2025-09-23 오후 7:06:09"
"/dashboard","C:\Users\대수\Downloads\daesu-clean\app\dashboard\page.js","19481","2025-09-25 오후 2:03:26"
"/dashboard/billing","C:\Users\대수\Downloads\daesu-clean\app\dashboard\billing\page.tsx","39011","2025-09-19 오전 10:26:44"
"/listings","C:\Users\대수\Downloads\daesu-clean\app\listings\page.tsx","27541","2025-09-25 오후 2:44:28"
"/listings/[id]/edit","C:\Users\대수\Downloads\daesu-clean\app\listings\[id]\edit\page.tsx","37058","2025-09-25 오후 3:59:36"
"/listings/new","C:\Users\대수\Downloads\daesu-clean\app\listings\new\page.tsx","29795","2025-09-25 오후 4:07:51"
"/payroll","C:\Users\대수\Downloads\daesu-clean\app\payroll\page.js","25662","2025-09-23 오후 5:41:38"
"/probe","C:\Users\대수\Downloads\daesu-clean\app\probe\page.tsx","306","2025-09-23 오전 11:49:23"
"/schedule","C:\Users\대수\Downloads\daesu-clean\app\schedule\page.js","909","2025-09-25 오후 2:09:43"
"/settings","C:\Users\대수\Downloads\daesu-clean\app\settings\page.js","35772","2025-09-25 오전 11:48:05"
"/urgent","C:\Users\대수\Downloads\daesu-clean\app\urgent\page.tsx","10225","2025-09-26 오후 5:30:25"
